rowid	gene	transcript	variant_type	coding	protein	location	exon	origPos	seqnames	start	end	width	strand	ref	alt	totalDepth	refDepth	altDepth	sampleNames	QUAL	AF	AO	BKPTID	CDF_LD	CDF_MAPD	CI	CIEND	CIPOS	DP	FAO	FDP	FDVR	FR	FRO	FSAF	FSAR	FSRF	FSRR	FWDB	FWDBA	FXX	HOMLEN	HOMSEQ	HRUN	HS	HS_ONLY	INFO	LEN	MEINFO	MISA	MISC	MLLD	NS	NUMTILES	OALT	OID	OMAPALT	OPOS	OREF	PB	PBP	PPD	PRECISE	PRECISION	PVAL	QD	RAW_CN	RBI	REFB	REF_CN	REVB	REVBA	RO	SAF	SAR	SD	SPD	SPLIT_MEAN_SIGNAL	SRF	SRR	SSEN	SSEP	SSSB	STB	STBP	SUBSET	SUSPECT	SVLEN	SVTYPE	TYPE	UFR	VARB	VCFALT	VCFPOS	VCFREF	MYV	CLSF	GT	CN	CNQ	GQ	vcf_file	analysis_name
1	CDKN2A	NM_001195132.1	missense	c.203C>T	p.Ala68Val	exonic	2	21971155	chr9	21971155	21971155	1	*	G	A	3727	NA	NA	Y507_B2023.5254B	4082.25	0.2835	1123	character(0)	character(0)	character(0)	character(0)	c(NA, NA)	c(NA, NA)	3727	567	2000	5	.	1433	310	257	767	666	-0.0223377	NA	0	integer(0)	character(0)	1	FALSE	0	character(0)	1	c(NA, NA, NA, NA)	character(0)	character(0)	92.827	NA	NA	A	.	A	21971155	G	0.5	1	0	character(0)	NA	NA	8.16449	NA	0.0373519	-0.0147304	NA	0.0299365	NA	2580	610	513	NA	0	character(0)	1381	1199	0	0	0.0096492	0.508297	0.632	character(0)	NA	integer(0)	NA	snp	character(0)	0.0432821	NA	NA	NA	NA	character(0)	0/1	NA	NA	4082	Y507_B2023.5254B_v1_Filtered_2023-02-21_10_02_04.vcf	Y507_B2023.5254B_v1_881561a8-e7d4-45f9-b533-aa0832e3ed32
2	FGFR2	NM_000141.4	missense	c.1775G>A	p.Arg592His	exonic	13	123256134	chr10	123256134	123256134	1	*	C	T	6501	NA	NA	Y507_B2023.5254B	526.759	0.0949272	578	character(0)	character(0)	character(0)	character(0)	c(NA, NA)	c(NA, NA)	6501	189	1991	5	.	1802	84	105	799	1003	0.00445804	NA	0.0045	integer(0)	character(0)	1	FALSE	0	character(0)	1	c(NA, NA, NA, NA)	character(0)	character(0)	73.0783	NA	NA	T	.	T	123256134	C	0.5	1	0	character(0)	NA	NA	1.05828	NA	0.0432437	-0.00356678	NA	-0.0430132	NA	5866	241	337	NA	0	character(0)	2540	3326	0	0	-0.0197966	0.500961	0.969	character(0)	NA	integer(0)	NA	snp	character(0)	0.0340497	NA	NA	NA	NA	character(0)	0/1	NA	NA	526	Y507_B2023.5254B_v1_Filtered_2023-02-21_10_02_04.vcf	Y507_B2023.5254B_v1_881561a8-e7d4-45f9-b533-aa0832e3ed32
3	KRAS	NM_033360.4	missense	c.35G>A	p.Gly12Asp	exonic	2	25398284	chr12	25398284	25398284	1	*	C	T	2101	NA	NA	Y507_B2023.5254B	3292.09	0.2668	553	character(0)	character(0)	character(0)	character(0)	c(NA, NA)	c(NA, NA)	2101	532	1994	10	.	1462	256	276	815	647	0.0101472	NA	0.003	integer(0)	character(0)	2	TRUE	0	character(0)	1	c(NA, NA, NA, NA)	character(0)	character(0)	195.818	NA	NA	T	COSM521	T	25398284	C	0.5	1	0	character(0)	NA	NA	6.60399	NA	0.035435	0.00107288	NA	-0.033951	NA	1533	262	291	NA	0	character(0)	851	682	0	0	-0.101689	0.555751	0.001	character(0)	NA	integer(0)	NA	snp	character(0)	-0.00391235	ATC	25398283	ACC	1	real_pathogenic	0/1	NA	NA	3292	Y507_B2023.5254B_v1_Filtered_2023-02-21_10_02_04.vcf	Y507_B2023.5254B_v1_881561a8-e7d4-45f9-b533-aa0832e3ed32
4	TP53	NM_000546.5	nonframeshiftDeletion	c.792_794delACT	p.Leu265del	exonic	8	7577143	chr17	7577143	7577146	4	*	CAGT	C	10802	NA	NA	Y507_B2023.5254B	7460.02	0.414192	4484	character(0)	character(0)	character(0)	character(0)	c(NA, NA)	c(NA, NA)	10802	823	1987	10	.	1164	463	360	675	489	-0.0209144	NA	0.0065	integer(0)	character(0)	1	FALSE	0	character(0)	3	c(NA, NA, NA, NA)	character(0)	character(0)	394.051	NA	NA	-	.	C	7577144	AGT	0.5	1	0	character(0)	NA	NA	15.0177	NA	0.0217853	0.000152968	NA	0.00609833	NA	6212	2573	1911	NA	0	character(0)	3579	2633	0	0	-0.00249135	0.510335	0.421	character(0)	NA	integer(0)	NA	del	character(0)	-0.000215494	NA	NA	NA	NA	character(0)	0/1	NA	NA	7460	Y507_B2023.5254B_v1_Filtered_2023-02-21_10_02_04.vcf	Y507_B2023.5254B_v1_881561a8-e7d4-45f9-b533-aa0832e3ed32
5	SMAD4	NM_005359.5	frameshiftDeletion	c.219delC	p.Ile74TyrfsTer20	exonic	2	48573633	chr18	48573633	48573634	2	*	AC	A	5324	NA	NA	Y507_B2023.5254B	3920.66	0.278532	1506	character(0)	character(0)	character(0)	character(0)	c(NA, NA)	c(NA, NA)	5324	554	1989	0	.	1435	305	249	772	663	0.01406	NA	0.0055	integer(0)	character(0)	2	FALSE	0	character(0)	1	c(NA, NA, NA, NA)	character(0)	character(0)	36.5827	NA	NA	-	.	A	48573634	C	0.5	1	0	character(0)	NA	NA	7.88469	NA	0.128195	0.00866085	NA	-0.127421	NA	3764	825	681	NA	0	character(0)	2037	1727	0	0	0.00823303	0.50914	0.604	character(0)	NA	integer(0)	NA	del	character(0)	-0.0225391	NA	NA	NA	NA	character(0)	0/1	NA	NA	3920	Y507_B2023.5254B_v1_Filtered_2023-02-21_10_02_04.vcf	Y507_B2023.5254B_v1_881561a8-e7d4-45f9-b533-aa0832e3ed32
