file	filepath	vcf_file	analysis_name
parsed_info	/mnt/NGS_Diagnostik/Dev_from_VCF/mixed/Y522_B2023.7267_OcaV3_output/parsed_output/parsed_vcf_info.yaml	Y522_B2023.7267_v1_Filtered_2023-02-24_04_46_46.vcf	Y522_B2023.7267_OcaV3
parsed_snv	/mnt/NGS_Diagnostik/Dev_from_VCF/mixed/Y522_B2023.7267_OcaV3_output/parsed_output/parsed_snv.tsv	Y522_B2023.7267_v1_Filtered_2023-02-24_04_46_46.vcf	Y522_B2023.7267_OcaV3
parsed_cnv	/mnt/NGS_Diagnostik/Dev_from_VCF/mixed/Y522_B2023.7267_OcaV3_output/parsed_output/parsed_cnv.tsv	Y522_B2023.7267_v1_Filtered_2023-02-24_04_46_46.vcf	Y522_B2023.7267_OcaV3
parsed_fusions	NA	Y522_B2023.7267_v1_Filtered_2023-02-24_04_46_46.vcf	Y522_B2023.7267_OcaV3
parsed_complete	/mnt/NGS_Diagnostik/Dev_from_VCF/mixed/Y522_B2023.7267_OcaV3_output/parsed_output/parsed_complete.tsv	Y522_B2023.7267_v1_Filtered_2023-02-24_04_46_46.vcf	Y522_B2023.7267_OcaV3
parsed_fp	/mnt/NGS_Diagnostik/Dev_from_VCF/mixed/Y522_B2023.7267_OcaV3_output/parsed_output/parsed_filepaths.tsv	Y522_B2023.7267_v1_Filtered_2023-02-24_04_46_46.vcf	Y522_B2023.7267_OcaV3
