rowid	gene	transcript	variant_type	coding	protein	location	exon	origPos	seqnames	start	end	width	strand	ref	alt	totalDepth	refDepth	altDepth	sampleNames	GAIN	QUAL	AF	AO	BKPTID	CDF_LD	CDF_MAPD	CI	CIEND	CIPOS	DP	FAO	FDP	FDVR	FR	FRO	FSAF	FSAR	FSRF	FSRR	FWDB	FWDBA	FXX	HOMLEN	HOMSEQ	HRUN	HS	HS_ONLY	INFO	LEN	MEINFO	MISA	MISC	MLLD	NS	NUMTILES	OALT	OID	OMAPALT	OPOS	OREF	PB	PBP	PPD	PRECISE	PRECISION	PVAL	QD	RAW_CN	RBI	REFB	REF_CN	REVB	REVBA	RO	SAF	SAR	SD	SPD	SPLIT_MEAN_SIGNAL	SRF	SRR	SSEN	SSEP	SSSB	STB	STBP	SUBSET	SUSPECT	SVLEN	SVTYPE	TYPE	UFR	VARB	VCFALT	VCFPOS	VCFREF	MYV	CLSF	GT	CN	CNQ	GQ	vcf_file	analysis_name
1	CDKN2A	NM_001195132.1	frameshiftDeletion	c.195_229delCCACGGCGCGGAGCCCAACTGCGCCGACCCCGCCA	p.His66SerfsTer42	exonic	2	21971128	chr9	21971128	21971163	36	*	GTGGCGGGGTCGGCGCAGTTGGGCTCCGCGCCGTGG	G	2046	NA	NA	Y537_B2023.6661	TRUE	31816.6	1	2001	character(0)	character(0)	character(0)	character(0)	c(NA, NA)	c(NA, NA)	2046	1989	1989	10	.	0	1331	658	0	0	0.0100906	NA	0.0055	integer(0)	character(0)	1	FALSE	0	character(0)	35	c(NA, NA, NA, NA)	character(0)	character(0)	545.472	NA	NA	-	.	G	21971129	TGGCGGGGTCGGCGCAGTTGGGCTCCGCGCCGTGG	0.5	1	0	character(0)	NA	NA	63.9852	NA	0.0238054	0	NA	0.021561	NA	0	1342	659	NA	0	character(0)	0	0	0	0	3.0947e-08	0.5	1	character(0)	NA	integer(0)	NA	del	character(0)	-5.87044e-07	NA	NA	NA	NA	character(0)	1/1	NA	NA	218	Y537_B2023.6661_v1_Filtered_2023-02-24_04_55_08.vcf	Y537_B2023.6661_OcaV3
2	ATM	NM_000051.3	unknown	c.8671+1G>A	p.?	splicesite_5	59	108218093	chr11	108218093	108218093	1	*	G	A	2178	NA	NA	Y537_B2023.6661	TRUE	27504	0.927964	2016	character(0)	character(0)	character(0)	character(0)	c(NA, NA)	c(NA, NA)	2178	1855	1999	10	.	144	1083	772	81	63	-0.0233401	NA	5e-4	integer(0)	character(0)	2	FALSE	0	character(0)	1	c(NA, NA, NA, NA)	character(0)	character(0)	407.971	NA	NA	A	.	A	108218093	G	0.5	1	0	character(0)	NA	NA	55.0355	NA	0.0233445	-0.00242311	NA	-0.000454695	NA	153	1172	844	NA	0	character(0)	89	64	0	0	-4.83971e-05	0.50158	0.624	character(0)	NA	integer(0)	NA	snp	character(0)	0.000181399	NA	NA	NA	NA	character(0)	0/1	NA	NA	279	Y537_B2023.6661_v1_Filtered_2023-02-24_04_55_08.vcf	Y537_B2023.6661_OcaV3
3	KRAS	NM_033360.4	missense	c.35G>T	p.Gly12Val	exonic	2	25398284	chr12	25398284	25398284	1	*	C	A	16311	NA	NA	Y537_B2023.6661	TRUE	13693.4	0.631263	10244	character(0)	character(0)	character(0)	character(0)	c(NA, NA)	c(NA, NA)	16311	1260	1996	5	.	730	646	614	370	360	0.00562054	NA	0.002	integer(0)	character(0)	2	TRUE	0	character(0)	1	c(NA, NA, NA, NA)	character(0)	character(0)	71.2698	NA	NA	A	COSM520	A	25398284	C	0.5	1	0	character(0)	NA	NA	27.4417	NA	0.0381957	0.0121253	NA	-0.0377799	NA	5939	5116	5128	NA	0	character(0)	2972	2967	0	0	-0.000689334	0.502147	0.804	character(0)	NA	integer(0)	NA	snp	character(0)	-0.00651425	AAC	25398283	ACC	1	real_pathogenic	0/1	NA	NA	5617	Y537_B2023.6661_v1_Filtered_2023-02-24_04_55_08.vcf	Y537_B2023.6661_OcaV3
4	POLE	NA	NA	NA	NA	NA	NA	NA	chr12	133201217	133263916	62700	*	C	<CNV>	NA	NA	NA	Y537_B2023.6661	FALSE	100	NA	NA	character(0)	character(0)	c("".001:4.53377"", ""0.005:4.61045"", ""0.01:4.64806"", ""0.025:4.70381"", ""0.05:4.75224"", ""0.1:4.80867"", ""0.2:4.87782"", ""0.25:4.90433"", ""0.5:5.0125"", ""0.75:5.12284"", ""0.8:5.15056"", ""0.9:5.22416"", ""0.95:5.28565"", ""0.975:5.33951"", ""0.99:5.40274"", ""0.995:5.44618"", ""0.999:5.53675"")	c(""0.05:4.75224"", ""0.95:5.28565"")	c(NA, NA)	c(NA, NA)	NA	NA	NA	NA	.	NA	NA	NA	NA	NA	NA	NA	NA	integer(0)	character(0)	NA	TRUE	NA	character(0)	62700	c(NA, NA, NA, NA)	character(0)	character(0)	NA	NA	111	character(0)	character(0)	character(0)	integer(0)	character(0)	NA	NA	NA	FALSE	NA	0	NA	4.41	NA	NA	2	NA	NA	NA	NA	NA	0.28	NA	character(0)	NA	NA	NA	NA	NA	NA	NA	character(0)	NA	integer(0)	CNV	.	character(0)	NA	NA	NA	NA	NA	character(0)	./.	5.01	NA	0	Y537_B2023.6661_v1_Filtered_2023-02-24_04_55_08.vcf	Y537_B2023.6661_OcaV3
5	BRCA2	NM_000059.3	missense	c.8852C>T	p.Ala2951Val	exonic	22	32953551	chr13	32953551	32953551	1	*	C	T	3299	NA	NA	Y537_B2023.6661	TRUE	8212.05	0.437719	1477	character(0)	character(0)	character(0)	character(0)	c(NA, NA)	c(NA, NA)	3299	875	1999	5	.	1124	501	374	610	514	-0.00143837	NA	5e-4	integer(0)	character(0)	2	FALSE	0	character(0)	1	c(NA, NA, NA, NA)	character(0)	character(0)	96.081	NA	NA	T	.	T	32953551	C	0.5	1	0	character(0)	NA	NA	16.4323	NA	0.00217338	-0.00671743	NA	0.00162931	NA	1813	840	637	NA	0	character(0)	979	834	0	0	0.0291545	0.51707	0.178	character(0)	NA	integer(0)	NA	snp	character(0)	0.00853108	NA	NA	NA	NA	character(0)	0/1	NA	NA	8212	Y537_B2023.6661_v1_Filtered_2023-02-24_04_55_08.vcf	Y537_B2023.6661_OcaV3
6	TSC2	NM_000548.5	missense	c.1318G>A	p.Gly440Ser	exonic	13	2112558	chr16	2112558	2112558	1	*	G	A	1790	NA	NA	Y537_B2023.6661	TRUE	24641.8	0.92905	1641	character(0)	character(0)	character(0)	character(0)	c(NA, NA)	c(NA, NA)	1790	1663	1790	10	.	127	693	970	49	78	0.0071558	NA	0	integer(0)	character(0)	2	FALSE	0	character(0)	1	c(NA, NA, NA, NA)	character(0)	character(0)	242.431	NA	NA	A	.	A	2112558	G	0.5	1	0	character(0)	NA	NA	55.0655	NA	0.124057	0.00875599	NA	-0.123851	NA	108	688	953	NA	0	character(0)	45	63	0	0	0.000313122	0.502256	0.481	character(0)	NA	integer(0)	NA	snp	character(0)	-0.000629428	NA	NA	NA	NA	character(0)	0/1	NA	NA	239	Y537_B2023.6661_v1_Filtered_2023-02-24_04_55_08.vcf	Y537_B2023.6661_OcaV3
