seqnames	gene	ref	alt	RAW_CN	perc_0.05	perc_0.95	vcf_file	analysis_name
chr17	RAD51C	G	<CNV>	10.53	11.3618	14.1058	Y518_B2023.6176_v1_Filtered_2023-02-24_04_09_44.vcf	Y518_B2023.6176_OcaV3
chr17	RNF43	C	<CNV>	7.47	8.06064	9.68486	Y518_B2023.6176_v1_Filtered_2023-02-24_04_09_44.vcf	Y518_B2023.6176_OcaV3
chr9	CDKN2B	C	<CNV>	0.32	0	0	Y518_B2023.6176_v1_Filtered_2023-02-24_04_09_44.vcf	Y518_B2023.6176_OcaV3
chr9	CDKN2A	G	<CNV>	0.27	0	0	Y518_B2023.6176_v1_Filtered_2023-02-24_04_09_44.vcf	Y518_B2023.6176_OcaV3
