rowid	gene	transcript	variant_type	coding	protein	location	exon	origPos	seqnames	start	end	width	strand	ref	alt	totalDepth	refDepth	altDepth	sampleNames	GAIN	QUAL	AF	AO	BKPTID	CDF_LD	CDF_MAPD	CI	CIEND	CIPOS	DP	FAO	FDP	FDVR	FR	FRO	FSAF	FSAR	FSRF	FSRR	FWDB	FWDBA	FXX	HOMLEN	HOMSEQ	HRUN	HS	HS_ONLY	INFO	LEN	MEINFO	MISA	MISC	MLLD	NS	NUMTILES	OALT	OID	OMAPALT	OPOS	OREF	PB	PBP	PPD	PRECISE	PRECISION	PVAL	QD	RAW_CN	RBI	REFB	REF_CN	REVB	REVBA	RO	SAF	SAR	SD	SPD	SPLIT_MEAN_SIGNAL	SRF	SRR	SSEN	SSEP	SSSB	STB	STBP	SUBSET	SUSPECT	SVLEN	SVTYPE	TYPE	UFR	VARB	VCFALT	VCFPOS	VCFREF	MYV	CLSF	GT	CN	CNQ	GQ	vcf_file	analysis_name
1	ESR1	NM_001122740.1	missense	c.1613A>G	p.Asp538Gly	exonic	9	152419926	chr6	152419926	152419926	1	*	A	G	2323	NA	NA	Y518_B2023.6176	TRUE	7331.45	0.43	988	character(0)	character(0)	character(0)	character(0)	c(NA, NA)	c(NA, NA)	2323	860	2000	5	.	1140	423	437	575	565	0.000118911	NA	0	integer(0)	character(0)	1	TRUE	0	character(0)	1	c(NA, NA, NA, NA)	character(0)	character(0)	78.2048	NA	NA	G	COSM94250	G	152419926	A	0.5	1	0	character(0)	NA	NA	14.6629	NA	0.0888092	-0.0202674	NA	-0.0888091	NA	1323	485	503	NA	0	character(0)	665	658	0	0	-0.0121571	0.50714	0.577	character(0)	NA	integer(0)	NA	snp	character(0)	0.0271912	NA	NA	NA	1	real_pathogenic	0/1	NA	NA	7331	Y518_B2023.6176_v1_Filtered_2023-02-24_04_09_44.vcf	Y518_B2023.6176_OcaV3
2	CDKN2A	NA	NA	NA	NA	NA	NA	NA	chr9	21968186	21994389	26204	*	G	<CNV>	NA	NA	NA	Y518_B2023.6176	TRUE	100	NA	NA	character(0)	character(0)	c("".001:0"", ""0.005:0"", ""0.01:0"", ""0.025:0"", ""0.05:0"", ""0.1:0"", ""0.2:0"", ""0.25:0"", ""0.5:0"", ""0.75:0"", ""0.8:0"", ""0.9:0"", ""0.95:0"", ""0.975:0"", ""0.99:0"", ""0.995:0"", ""0.999:0"")	c(""0.05:0"", ""0.95:0"")	c(NA, NA)	c(NA, NA)	NA	NA	NA	NA	.	NA	NA	NA	NA	NA	NA	NA	NA	integer(0)	character(0)	NA	TRUE	NA	character(0)	26204	c(NA, NA, NA, NA)	character(0)	character(0)	NA	NA	13	character(0)	character(0)	character(0)	integer(0)	character(0)	NA	NA	NA	FALSE	NA	0	NA	0.27	NA	NA	2	NA	NA	NA	NA	NA	0.05	NA	character(0)	NA	NA	NA	NA	NA	NA	NA	character(0)	NA	integer(0)	CNV	.	character(0)	NA	NA	NA	NA	1	likely_pathogenic	./.	0	NA	0	Y518_B2023.6176_v1_Filtered_2023-02-24_04_09_44.vcf	Y518_B2023.6176_OcaV3
3	CDKN2B	NA	NA	NA	NA	NA	NA	NA	chr9	22005844	22008979	3136	*	C	<CNV>	NA	NA	NA	Y518_B2023.6176	TRUE	100	NA	NA	character(0)	character(0)	c("".001:0"", ""0.005:0"", ""0.01:0"", ""0.025:0"", ""0.05:0"", ""0.1:0"", ""0.2:0"", ""0.25:0"", ""0.5:0"", ""0.75:0"", ""0.8:0"", ""0.9:0"", ""0.95:0"", ""0.975:0"", ""0.99:0.000011"", ""0.995:0.0121188"", ""0.999:0.038"")	c(""0.05:0"", ""0.95:0"")	c(NA, NA)	c(NA, NA)	NA	NA	NA	NA	.	NA	NA	NA	NA	NA	NA	NA	NA	integer(0)	character(0)	NA	TRUE	NA	character(0)	3136	c(NA, NA, NA, NA)	character(0)	character(0)	NA	NA	10	character(0)	character(0)	character(0)	integer(0)	character(0)	NA	NA	NA	FALSE	NA	0	NA	0.32	NA	NA	2	NA	NA	NA	NA	NA	0.04	NA	character(0)	NA	NA	NA	NA	NA	NA	NA	character(0)	NA	integer(0)	CNV	.	character(0)	NA	NA	NA	NA	1	likely_pathogenic	./.	0	NA	0	Y518_B2023.6176_v1_Filtered_2023-02-24_04_09_44.vcf	Y518_B2023.6176_OcaV3
4	NOTCH1	NM_017617.5	missense	c.3245G>T	p.Arg1082Leu	exonic	20	139402764	chr9	139402764	139402764	1	*	C	A	2033	NA	NA	Y518_B2023.6176	TRUE	10046.4	0.497996	1006	character(0)	character(0)	character(0)	character(0)	c(NA, NA)	c(NA, NA)	2033	994	1996	10	.	1002	544	450	577	425	0.0243461	NA	0.002	integer(0)	character(0)	1	FALSE	0	character(0)	1	c(NA, NA, NA, NA)	character(0)	character(0)	182.991	NA	NA	A	.	A	139402764	C	0.5	1	0	character(0)	NA	NA	20.1331	NA	0.0270706	-0.0135043	NA	0.0118357	NA	1009	556	450	NA	0	character(0)	582	427	0	0	-0.0224401	0.514508	0.206	character(0)	NA	integer(0)	NA	snp	character(0)	0.013507	NA	NA	NA	NA	character(0)	0/1	NA	NA	10046	Y518_B2023.6176_v1_Filtered_2023-02-24_04_09_44.vcf	Y518_B2023.6176_OcaV3
5	BRCA2	NM_000059.3	missense	c.5386G>T	p.Asp1796Tyr	exonic	11	32913878	chr13	32913878	32913878	1	*	G	T	1608	NA	NA	Y518_B2023.6176	TRUE	19959	0.877564	1407	character(0)	character(0)	character(0)	character(0)	c(NA, NA)	c(NA, NA)	1608	1412	1609	5	.	197	660	752	102	95	0.00336176	NA	0	integer(0)	character(0)	1	FALSE	0	character(0)	1	c(NA, NA, NA, NA)	character(0)	character(0)	83.5677	NA	NA	T	.	T	32913878	G	0.5	1	0	character(0)	NA	NA	49.6185	NA	0.0865955	-0.0304161	NA	0.0865302	NA	195	657	750	NA	0	character(0)	101	94	0	0	-0.0118393	0.506185	0.17	character(0)	NA	integer(0)	NA	snp	character(0)	0.00433073	NA	NA	NA	NA	character(0)	0/1	NA	NA	729	Y518_B2023.6176_v1_Filtered_2023-02-24_04_09_44.vcf	Y518_B2023.6176_OcaV3
6	RNF43	NA	NA	NA	NA	NA	NA	NA	chr17	56432289	56492949	60661	*	C	<CNV>	NA	NA	NA	Y518_B2023.6176	FALSE	100	NA	NA	character(0)	character(0)	c("".001:7.43169"", ""0.005:7.65001"", ""0.01:7.75806"", ""0.025:7.91936"", ""0.05:8.06064"", ""0.1:8.22652"", ""0.2:8.43174"", ""0.25:8.51097"", ""0.5:8.8375"", ""0.75:9.17586"", ""0.8:9.26169"", ""0.9:9.49126"", ""0.95:9.68486"", ""0.975:9.85576"", ""0.99:10.058"", ""0.995:10.198"", ""0.999:10.4925"")	c(""0.05:8.06064"", ""0.95:9.68486"")	c(NA, NA)	c(NA, NA)	NA	NA	NA	NA	.	NA	NA	NA	NA	NA	NA	NA	NA	integer(0)	character(0)	NA	TRUE	NA	character(0)	60661	c(NA, NA, NA, NA)	character(0)	character(0)	NA	NA	33	character(0)	character(0)	character(0)	integer(0)	character(0)	NA	NA	NA	FALSE	NA	0	NA	7.47	NA	NA	2	NA	NA	NA	NA	NA	0.38	NA	character(0)	NA	NA	NA	NA	NA	NA	NA	character(0)	NA	integer(0)	CNV	.	character(0)	NA	NA	NA	NA	NA	character(0)	./.	8.84	NA	0	Y518_B2023.6176_v1_Filtered_2023-02-24_04_09_44.vcf	Y518_B2023.6176_OcaV3
7	RAD51C	NA	NA	NA	NA	NA	NA	NA	chr17	56769942	56811619	41678	*	G	<CNV>	NA	NA	NA	Y518_B2023.6176	FALSE	100	NA	NA	character(0)	character(0)	c("".001:10.3257"", ""0.005:10.6836"", ""0.01:10.8614"", ""0.025:11.1277"", ""0.05:11.3618"", ""0.1:11.6377"", ""0.2:11.9804"", ""0.25:12.1131"", ""0.5:12.6625"", ""0.75:13.2358"", ""0.8:13.3819"", ""0.9:13.7739"", ""0.95:14.1058"", ""0.975:14.3999"", ""0.99:14.7491"", ""0.995:14.9916"", ""0.999:15.5038"")	c(""0.05:11.3618"", ""0.95:14.1058"")	c(NA, NA)	c(NA, NA)	NA	NA	NA	NA	.	NA	NA	NA	NA	NA	NA	NA	NA	integer(0)	character(0)	NA	TRUE	NA	character(0)	41678	c(NA, NA, NA, NA)	character(0)	character(0)	NA	NA	23	character(0)	character(0)	character(0)	integer(0)	character(0)	NA	NA	NA	FALSE	NA	0	NA	10.53	NA	NA	2	NA	NA	NA	NA	NA	0.47	NA	character(0)	NA	NA	NA	NA	NA	NA	NA	character(0)	NA	integer(0)	CNV	.	character(0)	NA	NA	NA	NA	1	character(0)	./.	12.66	NA	0	Y518_B2023.6176_v1_Filtered_2023-02-24_04_09_44.vcf	Y518_B2023.6176_OcaV3
