rowid	gene	transcript	variant_type	coding	protein	location	exon	origPos	seqnames	start	end	width	strand	ref	alt	totalDepth	refDepth	altDepth	sampleNames	QUAL	AF	AO	BKPTID	CDF_LD	CDF_MAPD	CI	CIEND	CIPOS	DP	FAO	FDP	FDVR	FR	FRO	FSAF	FSAR	FSRF	FSRR	FWDB	FWDBA	FXX	GCM	HOMLEN	HOMSEQ	HRUN	HS	HS_ONLY	INFO	LEN	MEINFO	MISA	MISC	MLLD	NID	NS	NUMTILES	OALT	OID	OMAPALT	OPOS	OREF	PB	PBP	PPD	PRECISE	PRECISION	QD	RAW_CN	RBI	REFB	REF_CN	REVB	REVBA	RO	SAF	SAR	SD	SPD	SRF	SRR	SSEN	SSEP	SSSB	STB	STBP	SUBSET	SUSPECT	SVLEN	SVTYPE	TYPE	UFR	VARB	VCFALT	VCFPOS	VCFREF	MYV	CLSF	GT	CN	CNQ	GQ	vcf_file	analysis_name
1	CDKN2A	NM_001195132.2	missense	c.203C>T	p.Ala68Val	exonic	2	21971155	chr9	21971155	21971155	1	*	G	A	3727	NA	NA	Y507_B2023.5254B	5042.53	0.3005	1123	character(0)	character(0)	character(0)	character(0)	c(NA, NA)	c(NA, NA)	3727	601	2000	5	.	1399	313	288	751	648	-0.0210188	NA	0	0	integer(0)	character(0)	1	FALSE	0	character(0)	1	c(NA, NA, NA, NA)	character(0)	character(0)	92.9367	NA	NA	NA	A	.	A	21971155	G	0.5	1	0	character(0)	NA	10.0851	NA	0.0382791	-0.0144088	NA	0.0319922	NA	2580	610	513	NA	0	1381	1199	0	0	0.0096492	0.511231	0.511	character(0)	NA	integer(0)	NA	snp	character(0)	0.0374679	NA	NA	NA	NA	character(0)	0/1	NA	NA	5042	Y507_B2023.5254B_v1_Filtered_2023-02-21_09_58_57.vcf	Y507_B2023.5254B_HRR_518
2	FGFR2	NM_000141.5	missense	c.1775G>A	p.Arg592His	exonic	13	123256134	chr10	123256134	123256134	1	*	C	T	6501	NA	NA	Y507_B2023.5254B	648.909	0.0938284	578	character(0)	character(0)	character(0)	character(0)	c(NA, NA)	c(NA, NA)	6501	187	1993	5	.	1806	86	101	775	1031	0.00243057	NA	0.0035	0	integer(0)	character(0)	1	FALSE	0	character(0)	1	c(NA, NA, NA, NA)	character(0)	character(0)	72.3944	NA	NA	NA	T	.	T	123256134	C	0.5	1	0	character(0)	NA	1.30238	NA	0.0411943	-0.0042613	NA	-0.0411226	NA	5866	241	337	NA	0	2540	3326	0	0	-0.0197966	0.528185	0.434	character(0)	NA	integer(0)	NA	snp	character(0)	0.0463356	NA	NA	NA	NA	character(0)	0/1	NA	NA	648	Y507_B2023.5254B_v1_Filtered_2023-02-21_09_58_57.vcf	Y507_B2023.5254B_HRR_518
3	KRAS	NM_033360.4	missense	c.35G>A	p.Gly12Asp	exonic	2	25398284	chr12	25398284	25398284	1	*	C	T	2101	NA	NA	Y507_B2023.5254B	4099.93	0.263659	553	character(0)	character(0)	character(0)	character(0)	c(NA, NA)	c(NA, NA)	2101	526	1995	10	.	1468	251	275	818	650	0.0100943	NA	0.0025	0	integer(0)	character(0)	2	TRUE	0	character(0)	1	c(NA, NA, NA, NA)	character(0)	character(0)	195.956	NA	NA	NA	T	COSM521	T	25398284	C	0.5	1	0	character(0)	NA	8.22041	NA	0.0349357	0.0011014	NA	-0.0334456	NA	1533	262	291	NA	0	851	682	0	0	-0.101689	0.558726	0.001	character(0)	NA	integer(0)	NA	snp	character(0)	-0.00419585	ATC	25398283	ACC	1	real_pathogenic	0/1	NA	NA	4088	Y507_B2023.5254B_v1_Filtered_2023-02-21_09_58_57.vcf	Y507_B2023.5254B_HRR_518
4	TP53	NM_000546.6	nonframeshiftDeletion	c.792_794delACT	p.Leu265del	exonic	8	7577143	chr17	7577143	7577146	4	*	CAGT	C	10800	NA	NA	Y507_B2023.5254B	8340.98	0.416959	4484	character(0)	character(0)	character(0)	character(0)	c(NA, NA)	c(NA, NA)	10800	831	1993	10	.	1162	491	340	657	505	-0.0209523	NA	0.0035	0	integer(0)	character(0)	1	FALSE	0	character(0)	3	c(NA, NA, NA, NA)	character(0)	character(0)	390.716	NA	NA	NA	-	.	C	7577144	AGT	0.5	1	0	character(0)	NA	16.7406	NA	0.0218566	0.000482899	NA	0.00622204	NA	6210	2573	1911	NA	0	3577	2633	0	0	-0.00234474	0.51526	0.262	character(0)	NA	integer(0)	NA	del	character(0)	-0.000683694	NA	NA	NA	NA	character(0)	0/1	NA	NA	8340	Y507_B2023.5254B_v1_Filtered_2023-02-21_09_58_57.vcf	Y507_B2023.5254B_HRR_518
5	SMAD4	NM_005359.6	frameshiftDeletion	c.219delC	p.Ile74TyrfsTer20	exonic	2	48573633	chr18	48573633	48573634	2	*	AC	A	5324	NA	NA	Y507_B2023.5254B	4435.06	0.280242	1506	character(0)	character(0)	character(0)	character(0)	c(NA, NA)	c(NA, NA)	5324	556	1984	0	.	1428	309	247	772	656	0.0196718	NA	0.008	0	integer(0)	character(0)	2	FALSE	0	character(0)	1	c(NA, NA, NA, NA)	character(0)	character(0)	35.5471	NA	NA	NA	-	.	A	48573634	C	0.5	1	0	character(0)	NA	8.94165	NA	0.126734	0.00649336	NA	-0.125198	NA	3764	825	681	NA	0	2037	1727	0	0	0.00823303	0.511006	0.55	character(0)	NA	integer(0)	NA	del	character(0)	-0.0168175	NA	NA	NA	NA	character(0)	0/1	NA	NA	4435	Y507_B2023.5254B_v1_Filtered_2023-02-21_09_58_57.vcf	Y507_B2023.5254B_HRR_518
