rowid	gene	transcript	variant_type	coding	protein	location	exon	origPos	seqnames	start	end	width	strand	ref	alt	totalDepth	refDepth	altDepth	sampleNames	QUAL	AF	AO	BKPTID	CDF_LD	CDF_MAPD	CI	CIEND	CIPOS	DP	FAO	FDP	FDVR	FR	FRO	FSAF	FSAR	FSRF	FSRR	FWDB	FWDBA	FXX	HOMLEN	HOMSEQ	HRUN	HS	HS_ONLY	INFO	LEN	MEINFO	MISA	MISC	MLLD	NS	NUMTILES	OALT	OID	OMAPALT	OPOS	OREF	PB	PBP	PPD	PRECISE	PRECISION	PVAL	QD	RAW_CN	RBI	REFB	REF_CN	REVB	REVBA	RO	SAF	SAR	SD	SPD	SPLIT_MEAN_SIGNAL	SRF	SRR	SSEN	SSEP	SSSB	STB	STBP	SUBSET	SUSPECT	SVLEN	SVTYPE	TYPE	UFR	VARB	VCFALT	VCFPOS	VCFREF	MYV	CLSF	GT	CN	CNQ	GQ	vcf_file	analysis_name
1	ARID1A	NM_006015.6	nonframeshiftInsertion	c.737_738insGGC	p.Ala247dup	exonic	1	27023621	chr1	27023621	27023621	1	*	G	GCGG	549	NA	NA	Y538_B2023.7419	2086.5	0.418647	228	character(0)	character(0)	character(0)	character(0)	c(NA, NA)	c(NA, NA)	549	229	547	10	.	318	121	108	160	158	0.00806658	NA	0.00364299	integer(0)	character(0)	1	FALSE	0	character(0)	3	c(NA, NA, NA, NA)	character(0)	character(0)	393.888	NA	NA	CGG	.	GCGG	27023622	-	0.5	1	0	character(0)	NA	NA	15.2578	NA	0.0297616	-0.0106733	NA	-0.0286475	NA	309	121	107	NA	0	character(0)	157	152	0	0	0.0234777	0.514695	0.561	character(0)	NA	integer(0)	NA	ins	character(0)	0.0147953	NA	NA	NA	NA	character(0)	0/1	NA	NA	2086	Y538_B2023.7419_v1_Filtered_2023-02-24_05_03_42.vcf	Y538_B2023.7419_OcaV3
2	MSH6	NM_000179.2	missense	c.431G>T	p.Ser144Ile	exonic	2	48018236	chr2	48018236	48018236	1	*	G	T	6300	NA	NA	Y538_B2023.7419	9597.95	0.483242	3085	character(0)	character(0)	character(0)	character(0)	c(NA, NA)	c(NA, NA)	6300	966	1999	10	.	1033	251	715	282	751	0.00481725	NA	5e-4	integer(0)	character(0)	1	FALSE	0	character(0)	1	c(NA, NA, NA, NA)	character(0)	character(0)	179.363	NA	NA	T	.	T	48018236	G	0.5	1	0	character(0)	NA	NA	19.2055	NA	0.078654	0.00549683	NA	-0.0785063	NA	2930	786	2299	NA	0	character(0)	839	2091	0	0	-0.0364092	0.508763	0.476	character(0)	NA	integer(0)	NA	snp	character(0)	-0.00542407	NA	NA	NA	NA	character(0)	0/1	NA	NA	9597	Y538_B2023.7419_v1_Filtered_2023-02-24_05_03_42.vcf	Y538_B2023.7419_OcaV3
3	PDGFRB	NM_002609.4	missense	c.3019G>A	p.Val1007Ile	exonic	22	149497299	chr5	149497299	149497299	1	*	C	T	4990	NA	NA	Y538_B2023.7419	728.633	0.11	499	character(0)	character(0)	character(0)	character(0)	c(NA, NA)	c(NA, NA)	4990	220	2000	10	.	1780	144	76	1136	644	0.012599	NA	0	integer(0)	character(0)	1	FALSE	0	character(0)	1	c(NA, NA, NA, NA)	character(0)	character(0)	174.179	NA	NA	T	.	T	149497299	C	0.5	1	0	character(0)	NA	NA	1.45727	NA	0.0151534	-0.0021256	NA	0.00841966	NA	4479	322	177	NA	0	character(0)	2875	1604	0	0	0.00458929	0.515922	0.609	character(0)	NA	integer(0)	NA	snp	character(0)	0.0205809	NA	NA	NA	NA	character(0)	0/1	NA	NA	728	Y538_B2023.7419_v1_Filtered_2023-02-24_05_03_42.vcf	Y538_B2023.7419_OcaV3
4	KRAS	NM_033360.4	missense	c.34G>A	p.Gly12Ser	exonic	2	25398285	chr12	25398285	25398285	1	*	C	T	7763	NA	NA	Y538_B2023.7419	106.445	0.0581745	465	character(0)	character(0)	character(0)	character(0)	c(NA, NA)	c(NA, NA)	7763	116	1994	10	.	1878	73	43	937	941	0.00712277	NA	0.003	integer(0)	character(0)	2	TRUE	0	character(0)	1	c(NA, NA, NA, NA)	character(0)	character(0)	202.9	NA	NA	T	COSM517	T	25398285	C	0.5	1	0	character(0)	NA	NA	0.21353	NA	0.0255912	-0.000645246	NA	-0.02458	NA	7234	236	229	NA	0	character(0)	3712	3522	0	0	-0.00600741	0.623185	0.007	character(0)	NA	integer(0)	NA	snp	character(0)	0.00216208	ACT	25398283	ACC	1	real_pathogenic	0/1	NA	NA	106	Y538_B2023.7419_v1_Filtered_2023-02-24_05_03_42.vcf	Y538_B2023.7419_OcaV3
5	BRCA1	NM_007294.3	missense	c.314A>G	p.Tyr105Cys	exonic	6	41256266	chr17	41256266	41256266	1	*	T	C	2224	NA	NA	Y538_B2023.7419	9459.93	0.478739	1048	character(0)	character(0)	character(0)	character(0)	c(NA, NA)	c(NA, NA)	2224	957	1999	5	.	1042	445	512	442	600	-0.0383045	NA	5e-4	integer(0)	character(0)	1	FALSE	0	character(0)	1	c(NA, NA, NA, NA)	character(0)	character(0)	74.7844	NA	NA	C	.	C	41256266	T	0.5	1	0	character(0)	NA	NA	18.9293	NA	0.0869299	-0.00577159	NA	0.0780357	NA	1151	485	563	NA	0	character(0)	498	653	0	0	0.0290009	0.521441	0.062	character(0)	NA	integer(0)	NA	snp	character(0)	0.00682809	NA	NA	NA	NA	character(0)	0/1	NA	NA	9459	Y538_B2023.7419_v1_Filtered_2023-02-24_05_03_42.vcf	Y538_B2023.7419_OcaV3
6	SMAD4	NM_005359.5	missense	c.1082G>A	p.Arg361His	exonic	9	48591919	chr18	48591919	48591919	1	*	G	A	2022	NA	NA	Y538_B2023.7419	48.5156	0.047	93	character(0)	character(0)	character(0)	character(0)	c(NA, NA)	c(NA, NA)	2022	94	2000	10	.	1906	46	48	1013	893	-0.0618691	NA	0	integer(0)	character(0)	1	TRUE	0	character(0)	1	c(NA, NA, NA, NA)	character(0)	character(0)	137.65	NA	NA	A	COSM14122	A	48591919	G	0.5	1	0	character(0)	NA	NA	0.0970312	NA	0.0635187	-0.00032237	NA	-0.0143816	NA	1899	45	48	NA	0	character(0)	1018	881	0	0	-0.0502609	0.540079	0.4	character(0)	NA	integer(0)	NA	snp	character(0)	0.00605074	A	48591919	G	1	likely_pathogenic	0/1	NA	NA	48	Y538_B2023.7419_v1_Filtered_2023-02-24_05_03_42.vcf	Y538_B2023.7419_OcaV3
